{ "intents": [
	{"tag": "greeting",
	 "patterns": ["Hi", "How are you?", "Is anyone there?", "Hello", "Good day"],
	 "responses": ["Hello, thanks for visiting", "Good to see you again", "Hi there, how can i help?"],
	 "context_set": ""
	},
	{"tag": "goodbye",
	 "patterns": ["Bye", "See you later", "Goodbye"],
	 "responses": ["See you later, thanks for visiting", "have a nice day", "Bye! Come back again soon."]
	},
	{"tag": "thanks",
	 "patterns": ["Thanks", "Thank you", "That's helpful"],
	 "responses": ["Happy to help!", "Anytime!", "My pleasure"]
	},

	{"tag": "hours",
	 "patterns": ["What hours are you open?", "What are your hours?", "When are you open?"],
	 "responses": ["We're open everyday 9am-9pm", "our hours are 9am-9pm everyday"]
	},

	{"tag": "mopeds",
	 "patterns": ["Which mopeds do you have?", "What kinds of mopeds are there?", "What do you rent?"],
	 "responses": ["We rent yamaha, Piaggio and vespa mopeds", "We have yamaha, Piaggio and vespa mopeds"]
	},
	{"tag": "payments",
	 "patterns": ["Do you take credit cards?", "Do you accept Mastercard?", "Are you cash only?"],
	 "responses": ["We accept VISA, Mastercard and Amex", "We accept most major credit cards"]
	},
	{"tag": "opentoday",
	 "patterns": ["Are you open today?", "When do you open today?", "What are your hours today?"],
	 "responses": ["We're open everyday 9am-9pm", "our hours are 9am-9pm everyday"]
	},
	{"tag": "rental",
	 "patterns": ["Can we rent a moped?", "I'd like to rent a moped", "How does this work?"],
	 "responses": ["Are you looking to rent today or later this week?"],
	 "context_set": "rentalday"
	}
     ]
}


	 
